Date,Open,High,Low,Close,Volume
4/19/2018,16.25,16.425,16.25,16.4,179917
4/20/2018,16.4,16.4,16.25,16.35,308299
4/23/2018,16.3,16.45,16.25,16.35,375613
4/24/2018,16.45,16.5,16.05,16.15,389552
4/25/2018,16.15,16.25,15.975,16.15,355238
4/26/2018,16.15,16.3,16.125,16.2,182125
4/27/2018,16.2,16.25,16.075,16.25,140661
4/30/2018,16.35,16.425,16.15,16.25,401555
5/1/2018,16.2,16.2,16,16.2,380880
5/2/2018,16.15,16.225,15.85,15.85,300700
5/3/2018,15.95,16.25,15.8,16.2,679257
5/4/2018,16.15,16.4,16.1,16.35,277291
5/7/2018,16.35,16.65,16.35,16.6,364828
5/8/2018,16.65,16.75,16.5,16.6,315081
5/9/2018,16.75,16.75,16.5,16.65,911437
5/10/2018,16.75,16.8,16.575,16.675,1046179
5/11/2018,16.75,16.75,15.35,15.5,962941
5/14/2018,15.75,16.35,15.75,16.25,1629978
5/15/2018,16.25,16.325,15.95,16.25,584980
5/16/2018,16.2,16.4,16.125,16.25,594644
5/17/2018,16.25,16.35,16.1,16.2,981592
5/18/2018,16.15,16.2,16,16.1,1104766
5/21/2018,16.1,16.275,16.1,16.2,677153
5/22/2018,16.2,16.3,16,16.05,1311517
5/23/2018,16.1,16.1,15.85,16,506683
5/24/2018,16.1,16.1,15.85,16,731380
5/25/2018,15.95,16.1,15.95,16.05,159529
5/29/2018,16,16.1,15.5,15.55,573572
5/30/2018,15.75,15.95,15.675,15.875,289916
5/31/2018,15.85,15.9,15.4,15.45,430421
6/1/2018,15.5,15.75,15.5,15.6,307581
6/4/2018,15.75,15.775,15.6,15.65,251245
6/5/2018,15.65,16.05,15.65,16.05,239521
6/6/2018,16,16.2,15.95,16.1,291172
6/7/2018,16.1,16.2,16,16.1,286751
6/8/2018,16.1,16.3,16.05,16.15,449110
6/11/2018,16,16.325,16,16.2,264996
6/12/2018,16.25,16.45,16.25,16.4,213780
6/13/2018,16.35,16.675,16.05,16.1,903072
6/14/2018,16.2,16.25,16,16.15,803181
6/15/2018,16,16.45,15.95,16.25,1883836
6/18/2018,16.1,16.3,16.05,16.3,400507
6/19/2018,16.1,16.2,16.05,16.1,643535
6/20/2018,16.15,16.3,16.1,16.15,820068
6/21/2018,16.1,16.2,15.9,16,716133
6/22/2018,16.15,16.15,16,16.05,541024
6/25/2018,16,16.1,15.7,15.75,313040
6/26/2018,15.75,15.85,15.6,15.7,370510
6/27/2018,15.75,16,15.7,15.75,346061
6/28/2018,15.8,15.85,15.65,15.8,285729
6/29/2018,15.75,15.95,15.75,15.85,379695
7/2/2018,15.7,15.8,15.4,15.45,469935
7/3/2018,15.6,15.7,15.55,15.55,226072
7/5/2018,15.55,15.6,15.35,15.5,477752
7/6/2018,15.45,15.7,15.45,15.6,169549
7/9/2018,15.75,15.775,15.6,15.7,209782
7/10/2018,15.7,16.1,15.7,16.05,260744
7/11/2018,15.9,16.15,15.75,15.8,258053
7/12/2018,15.9,15.9,15.65,15.75,156100
7/13/2018,15.75,15.85,15.75,15.8,115934
7/16/2018,15.75,15.8,15.6,15.65,159612
7/17/2018,15.6,15.625,15.475,15.55,338029
7/18/2018,15.45,15.85,15.45,15.65,523782
7/19/2018,15.55,15.825,15.5,15.6,394504
7/20/2018,15.55,15.7,15.45,15.5,254275
7/23/2018,15.55,15.725,15.4,15.5,365234
7/24/2018,15.55,15.55,15.2,15.25,145310
7/25/2018,15.25,15.4,15.2,15.4,244601
7/26/2018,15.4,15.4765,15.25,15.25,202850
7/27/2018,15.3,15.375,15,15.1,212845
7/30/2018,15.15,15.25,15,15.15,233171
7/31/2018,15.15,15.35,15.1,15.3,173802
8/1/2018,15.2,15.3,15.1,15.25,312287
8/2/2018,15.1,15.25,15.1,15.2,158370
8/3/2018,15.15,15.3,15.1,15.3,123260
8/6/2018,15.25,15.45,15.225,15.35,226658
8/7/2018,15.35,15.45,15.225,15.3,176141
8/8/2018,15.35,15.4,15.175,15.3,262747
8/9/2018,15.35,15.625,15.25,15.4,386221
8/10/2018,15.2,15.2,13.2,13.45,940131
8/13/2018,13.6,14.05,13.6,13.95,1560202
8/14/2018,14.15,14.3,13.9,14.15,1609372
8/15/2018,14.15,14.2,13.95,14.1,1667797
8/16/2018,14.3,14.4,14.15,14.3,817136
8/17/2018,14.35,14.45,14.1,14.45,1320955
8/20/2018,14.05,14.15,13.75,14.05,910850
8/21/2018,14.15,14.15,13.9,14.05,1638099
8/22/2018,14.1,14.2,14,14.2,469894
8/23/2018,14.1,14.15,13.75,13.85,613385
8/24/2018,13.95,14.05,13.75,13.85,948915
8/27/2018,13.9,14,13.6,13.8,884697
8/28/2018,13.8,13.85,13.65,13.75,479524
8/29/2018,13.8,14,13.75,13.85,519905
8/30/2018,13.8,13.95,13.65,13.7,615744
8/31/2018,13.6,13.75,13.45,13.6,444315
9/4/2018,13.65,13.75,13.35,13.4,437658
9/5/2018,13.45,13.5,13.25,13.4,659323
9/6/2018,13.35,13.55,13.05,13.15,975417
9/7/2018,12.955,13.25,12.95,13.1,334339
9/10/2018,13.15,13.225,12.95,13.05,636570
9/11/2018,13,13.1,12.8,13,563658
9/12/2018,13.05,13.125,12.8,12.9,579045
9/13/2018,12.9,13.1,12.9,13.05,408416
9/14/2018,13,13.025,12.75,12.85,586465
9/17/2018,13.1,13.1,12.7,12.75,283203
9/18/2018,12.85,13,12.7,12.9,504944
9/19/2018,12.85,13.125,12.85,12.95,552290
9/20/2018,13,13.1,12.85,13.1,437802
9/21/2018,13.1,13.25,12.95,13.2,1770297
9/24/2018,13.05,13.3,13.05,13.25,493285
9/25/2018,13.3,13.425,13.25,13.35,504480
9/26/2018,13.4,13.45,13.2,13.4,530584
9/27/2018,13.35,13.5762,13.25,13.35,774081
9/28/2018,13.35,13.6858,13.25,13.6,523512
10/1/2018,13.64,13.74,13.41,13.53,908853
10/2/2018,13.51,13.54,13.38,13.39,1099934
10/3/2018,13.45,13.81,13.37,13.73,1399115
10/4/2018,13.69,13.73,13.53,13.66,1181081
10/5/2018,13.76,13.81,13.6,13.64,931868
10/8/2018,13.65,13.65,13.46,13.63,424045
10/9/2018,13.9,13.9,13.59,13.73,793283
10/10/2018,13.65,13.73,13.15,13.16,776667
10/11/2018,13.12,13.195,12.96,13.02,750316
10/12/2018,13.14,13.24,13.06,13.2,670773
10/15/2018,13.13,13.43,12.91,13.29,453603
10/16/2018,13.41,13.48,13.29,13.45,424385
10/17/2018,13.39,13.6,13.33,13.51,674045
10/18/2018,13.52,13.6,13.36,13.42,609744
10/19/2018,13.45,13.67,13.35,13.38,1629125
10/22/2018,13.39,13.46,13.32,13.4,718926
10/23/2018,13.16,13.38,13.07,13.23,1278870
10/24/2018,13.18,13.39,12.995,13.02,727291
10/25/2018,13,13.205,12.94,13.03,893865
10/26/2018,12.92,13.02,12.74,12.84,1012019
10/29/2018,12.98,13.14,12.575,12.69,513989
10/30/2018,12.78,13.04,12.72,13.03,559122
10/31/2018,13.05,13.52,13.05,13.34,590555
11/1/2018,13.35,13.41,13.18,13.31,853267
11/2/2018,13.33,13.43,13.185,13.36,473391
11/5/2018,13.36,13.49,13.25,13.36,978038
11/6/2018,13.4,13.52,13.3,13.47,395497
11/7/2018,13.5,13.66,13.425,13.6,535837
11/8/2018,14.14,14.34,13.67,14.31,766709
11/9/2018,14.27,14.54,14.27,14.4,887598
11/12/2018,14.4,14.45,13.88,13.89,609046
11/13/2018,13.95,14.1,13.855,13.91,571642
11/14/2018,14.02,14.1,13.89,14.06,401687
11/15/2018,13.95,13.95,13.7,13.85,622958
11/16/2018,13.79,14.02,13.79,13.88,384159
11/19/2018,13.87,13.87,13.59,13.65,549133
11/20/2018,13.5,13.62,12.92,12.95,508665
11/21/2018,12.96,13.19,12.92,12.99,552184
11/23/2018,12.92,13.09,12.86,12.96,186816
11/26/2018,13.09,13.44,13.07,13.42,511950
11/27/2018,13.4,13.55,13.18,13.27,477202
11/28/2018,13.22,13.52,13.15,13.52,596582
11/29/2018,13.5,13.73,13.5,13.6,285855
11/30/2018,13.57,13.66,13.37,13.4,482026
12/3/2018,13.49,13.8,13.49,13.69,348282
12/4/2018,13.65,13.77,13.24,13.27,441504
12/6/2018,13.14,13.14,12.69,12.86,798239
12/7/2018,12.87,13.03,12.64,12.71,343297
12/10/2018,12.69,12.84,12.43,12.79,679659
12/11/2018,12.95,13.11,12.595,12.66,716877
12/12/2018,12.84,13.15,12.8,12.97,380329
12/13/2018,12.99,13.18,12.74,12.81,394443
12/14/2018,12.65,12.72,12.42,12.46,459508
12/17/2018,12.47,12.55,12.19,12.27,732797
12/18/2018,12.34,12.55,12.06,12.16,427684
12/19/2018,12.19,12.43,11.99,12.01,694223
12/20/2018,12.01,12.01,11.48,11.57,672526
12/21/2018,11.57,11.87,11.245,11.25,1735082
12/24/2018,11.19,11.375,11.06,11.06,431424
12/26/2018,11.1,11.36,10.85,11.36,782526
12/27/2018,11.19,11.38,10.96,11.38,880629
12/28/2018,11.42,11.6,11.31,11.46,445710
12/31/2018,11.49,11.58,11.33,11.55,444878
1/2/2019,11.41,11.65,11.32,11.61,341376
1/3/2019,11.56,11.65,11.36,11.46,679517
1/4/2019,11.61,11.97,11.61,11.96,316686
1/7/2019,11.97,12.31,11.88,12.2,975813
1/8/2019,12.29,12.41,12.175,12.32,847817
1/9/2019,12.34,12.52,12.3,12.37,825177
1/10/2019,12.34,12.43,12.25,12.37,427969
1/11/2019,12.32,12.505,12.27,12.48,373877
1/14/2019,12.49,12.61,12.42,12.45,492559
1/15/2019,12.49,12.69,12.47,12.51,950348
1/16/2019,12.49,12.66,12.49,12.54,545742
1/17/2019,12.5,12.7,12.43,12.6,799934
1/18/2019,12.74,12.74,12.58,12.68,628242
1/22/2019,12.66,12.68,12.43,12.5,524623
1/23/2019,12.51,12.52,12.17,12.36,362927
1/24/2019,12.34,12.61,12.27,12.56,536238
1/25/2019,12.67,12.99,12.67,12.8,1912314
1/28/2019,12.78,12.85,12.67,12.78,784375
1/29/2019,12.82,12.99,12.82,12.86,1047379
1/30/2019,12.85,12.95,12.65,12.83,928580
1/31/2019,12.79,12.97,12.79,12.93,1328003
2/1/2019,12.93,12.97,12.84,12.86,640392
2/4/2019,12.79,13.08,12.79,12.99,1026603
2/5/2019,12.98,13.13,12.959,13.12,425691
2/6/2019,13.06,13.25,13.04,13.07,525619
2/7/2019,12.97,13,12.64,12.82,761121
2/8/2019,12.85,13.1,12.32,12.67,752001
2/11/2019,12.97,12.97,12.28,12.41,682323
2/12/2019,12.52,12.71,12.43,12.63,478760
2/13/2019,12.66,12.79,12.58,12.66,487355
2/14/2019,12.51,12.83,12.51,12.69,377369
2/15/2019,12.79,12.95,12.66,12.93,564190
2/19/2019,12.96,13.13,12.94,13.02,574322
2/20/2019,12.91,13.25,12.91,13.15,456551
2/21/2019,13.07,13.18,13.01,13.05,481201
2/22/2019,13,13.27,13,13.21,352104
2/25/2019,13.34,13.445,13.26,13.27,446153
2/26/2019,13.3,13.35,13.23,13.32,396507
2/27/2019,13.3,13.38,13.18,13.32,313829
2/28/2019,13.33,13.34,13.24,13.31,535025
3/1/2019,13.41,13.59,13.36,13.56,421471
3/4/2019,13.59,13.69,13.41,13.56,355628
3/5/2019,13.53,13.6,13.39,13.42,943117
3/6/2019,13.38,13.46,13.3,13.36,610674
3/7/2019,13.35,13.37,13.09,13.15,261881
3/8/2019,13.03,13.05,12.915,13.05,268175
3/11/2019,13.06,13.305,13.06,13.29,325268
3/12/2019,13.25,13.33,13.03,13.06,662710
3/13/2019,13.13,13.13,12.92,12.96,435389
3/14/2019,12.95,12.98,12.78,12.78,1030771
3/15/2019,12.82,12.88,12.69,12.74,2386294
3/18/2019,12.75,12.91,12.71,12.73,1331772
3/19/2019,12.75,12.81,12.57,12.62,1406480
3/20/2019,12.6,12.72,12.46,12.61,1781199
3/21/2019,12.55,13.025,12.55,12.85,2139864
3/22/2019,12.81,12.8989,12.57,12.64,1574315
3/25/2019,12.65,12.74,12.54,12.59,1402683
3/26/2019,12.64,12.68,12.43,12.5,662468
3/27/2019,12.54,12.54,12.295,12.39,466983
3/28/2019,12.4,12.46,12.27,12.45,311649
3/29/2019,12.51,12.53,12.42,12.49,367487
4/1/2019,12.6,12.665,12.55,12.61,505765
4/2/2019,12.64,12.67,12.48,12.48,909430
4/3/2019,12.57,12.75,12.52,12.55,607855
4/4/2019,12.56,12.7,12.56,12.58,1011814
4/5/2019,12.59,12.71,12.56,12.64,339895
4/8/2019,12.66,12.695,12.58,12.63,347585
4/9/2019,12.58,12.66,12.565,12.63,291852
4/10/2019,12.66,12.7639,12.63,12.76,238842
4/11/2019,12.75,12.76,12.63,12.64,333587
4/12/2019,12.68,12.79,12.68,12.75,387375
4/15/2019,12.71,12.81,12.59,12.65,819982
4/16/2019,12.69,12.84,12.64,12.75,648705
4/17/2019,12.75,12.935,12.68,12.71,527991
4/18/2019,12.73,12.73,12.45,12.63,370214
4/22/2019,12.6,12.62,12.37,12.52,296668
4/23/2019,12.54,12.69,12.54,12.6,428641
4/24/2019,12.6,12.64,12.565,12.62,399501
4/25/2019,12.6,12.6,12.33,12.46,312895
4/26/2019,12.48,12.57,12.405,12.57,482916
4/29/2019,12.53,12.69,12.49,12.52,944189
4/30/2019,12.64,12.64,12.35,12.49,624586
5/1/2019,12.52,12.61,12.41,12.44,1138217
5/2/2019,12.45,12.45,12.25,12.37,582608
5/3/2019,12.39,12.49,12.39,12.43,1212961
5/6/2019,12.26,12.34,12.06,12.17,424898
5/7/2019,12.07,12.08,11.64,11.74,883471
5/8/2019,11.69,11.82,11.59,11.61,679269
5/9/2019,11.57,11.67,11.38,11.66,926662
5/10/2019,11.83,12.28,11.79,12.03,818216
5/13/2019,11.78,11.88,11.48,11.58,1404516
5/14/2019,11.62,11.795,11.6,11.65,1159008
5/15/2019,11.56,11.765,11.45,11.73,531956
5/16/2019,11.76,11.88,11.66,11.68,232804
5/17/2019,11.61,11.68,11.51,11.56,553415
5/20/2019,11.93,12.03,11.78,11.81,1651408
5/21/2019,11.92,12.03,11.9,12.01,545625
5/22/2019,11.95,12.05,11.95,11.99,905064
5/23/2019,11.9,12.035,11.81,12,687248
5/24/2019,12.07,12.16,11.98,12.06,675011
5/28/2019,12.07,12.14,11.99,11.99,580427
5/29/2019,12.02,12.04,11.79,11.87,739131
5/30/2019,11.88,11.96,11.71,11.77,801292
5/31/2019,11.67,11.755,11.63,11.65,703804
6/3/2019,11.63,11.785,11.63,11.72,870080
6/4/2019,11.89,11.95,11.78,11.89,712053
6/5/2019,11.88,11.99,11.65,11.97,1344787
6/6/2019,11.96,12,11.875,11.93,822198
6/7/2019,12.08,12.13,11.91,12.07,703997
6/10/2019,12.12,12.15,12.04,12.12,621321
6/11/2019,12.2,12.205,12.09,12.13,649401
6/12/2019,12.15,12.1975,12.05,12.07,597997
6/13/2019,12.08,12.17,12.035,12.16,533188
6/14/2019,12.12,12.235,12.05,12.21,1291816
6/17/2019,12.25,12.64,12.23,12.61,974852
6/18/2019,12.74,13.325,12.675,13.2,1147155
6/19/2019,13.25,13.77,13.25,13.72,1296002
6/20/2019,13.86,13.98,13.72,13.95,1156623
6/21/2019,13.92,14.07,13.74,13.92,1850167
6/24/2019,13.89,13.9,13.7,13.73,779500
6/25/2019,13.78,13.78,13.63,13.66,527482
6/26/2019,13.67,13.8,13.65,13.7,612300
6/27/2019,13.85,13.92,13.8,13.86,598025
6/28/2019,13.86,14,13.78,13.96,1691598
7/1/2019,14.17,14.22,13.835,13.99,904970
7/2/2019,13.97,14.08,13.82,13.91,391310
7/3/2019,13.95,13.96,13.83,13.9,269833
7/5/2019,13.87,13.99,13.78,13.91,526607
7/8/2019,13.83,13.95,13.68,13.71,319153
7/9/2019,13.68,13.77,13.6299,13.7,386904
7/10/2019,13.74,13.8,13.66,13.69,643274
7/11/2019,13.71,13.75,13.6,13.64,409849
7/12/2019,13.69,13.75,13.6,13.73,670635
7/15/2019,13.74,13.76,13.63,13.75,466374
7/16/2019,13.78,13.91,13.77,13.88,740337
7/17/2019,13.87,13.98,13.46,13.53,761290
7/18/2019,13.55,13.685,13.5,13.66,794285
7/19/2019,13.54,13.62,13.37,13.51,392421
7/22/2019,13.49,13.61,13.46,13.59,467323
7/23/2019,13.67,13.73,13.56,13.66,914004
7/24/2019,13.62,13.88,13.55,13.83,835544
7/25/2019,13.84,13.84,13.6,13.66,370728
7/26/2019,13.66,13.73,13.61,13.7,415798
7/29/2019,13.66,13.78,13.53,13.65,390214
7/30/2019,13.57,13.69,13.53,13.68,355080
7/31/2019,13.64,14.07,13.395,13.46,695635
8/1/2019,13.42,13.58,13.305,13.34,685365
8/2/2019,13.26,13.32,13.15,13.3,713130
8/5/2019,13.1,13.27,13.01,13.09,1094767
8/6/2019,13.16,13.23,13.06,13.2,515733
8/7/2019,13.06,13.14,12.82,13.12,699272
8/8/2019,13.11,13.37,13.11,13.36,1025456
8/9/2019,13.52,14.12,13.32,14.07,809493
8/12/2019,14.15,14.58,14.125,14.4,1125205
8/13/2019,14.4,14.73,14.38,14.46,892533
8/14/2019,14.26,14.43,13.74,13.75,794997
8/15/2019,13.73,14.25,13.73,13.99,769005
8/16/2019,14.06,14.22,13.83,14.14,480290
8/19/2019,14.34,14.51,14.32,14.36,315231
8/20/2019,14.34,14.51,14.275,14.29,420601
8/21/2019,14.35,14.505,14.25,14.46,273166
8/22/2019,14.46,14.6,14.375,14.47,409584
8/23/2019,14.39,14.45,13.91,13.95,731708
8/26/2019,14,14.09,13.93,14.04,410669
8/27/2019,14.16,14.16,13.86,13.92,527360
8/28/2019,13.95,14.14,13.86,14.13,435440
8/29/2019,14.25,14.29,14.175,14.19,246435
8/30/2019,14.27,14.33,14.08,14.16,318583
9/3/2019,14.01,14.07,13.88,13.93,374095
9/4/2019,14.01,14.25,14.01,14.2,396745
9/5/2019,14.35,14.49,14.32,14.34,370328
9/6/2019,14.36,14.55,14.36,14.51,369017
9/9/2019,14.56,14.76,14.42,14.75,421641
9/10/2019,14.58,14.85,14.56,14.84,394146
9/11/2019,14.81,14.985,14.74,14.87,363052
9/12/2019,14.87,15.01,14.8,14.82,636568
9/13/2019,14.86,14.97,14.8,14.9,342855
9/16/2019,14.86,14.86,14.36,14.48,470943
9/17/2019,14.45,14.65,14.34,14.62,427021
9/18/2019,14.68,14.71,14.5,14.6,527010
9/19/2019,14.6,14.64,14.33,14.35,449949
9/20/2019,14.4,14.57,14.19,14.32,1193095
9/23/2019,14.37,14.48,14.19,14.39,434421
9/24/2019,14.4,14.41,14.04,14.26,515113
9/25/2019,14.21,14.46,14.18,14.37,355828
9/26/2019,14.36,14.36,13.99,14.23,592744
9/27/2019,14.31,14.34,14.09,14.17,225867
9/30/2019,14.22,14.43,14.21,14.295,572672
10/1/2019,14.35,14.47,14.21,14.25,627356
10/2/2019,14.11,14.18,13.93,14.06,977889
10/3/2019,14.12,14.18,13.78,13.965,545427
10/4/2019,13.99,14.15,13.97,14.115,368659
10/7/2019,14,14.12,13.94,13.94,606435
10/8/2019,13.85,13.9,13.19,13.195,742341
10/9/2019,13.24,13.39,13.125,13.36,742982
10/10/2019,13.3,13.53,13.3,13.47,594609
10/11/2019,13.63,13.84,13.465,13.76,430736
10/14/2019,13.66,13.81,13.66,13.8,326889
10/15/2019,13.86,13.86,13.11,13.64,695973
10/16/2019,13.62,13.9,13.62,13.87,572995
10/17/2019,13.94,14.06,13.77,13.91,681142
10/18/2019,13.84,13.99,13.71,13.79,1054351
10/21/2019,13.88,14.04,13.83,14,566641
10/22/2019,14.03,14.32,14.015,14.19,1115492
10/23/2019,14.18,14.28,14.07,14.245,560186
10/24/2019,14.36,14.57,14.09,14.225,700309
10/25/2019,14.28,14.28,14.12,14.21,461683
10/28/2019,14.2,14.39,14.2,14.3,392504
10/29/2019,14.24,14.422,14.22,14.33,397510
10/30/2019,14.31,14.33,13.93,14.02,380150
10/31/2019,14.05,14.13,13.82,14.12,502507
11/1/2019,14.13,14.24,14,14.18,553671
11/4/2019,14.24,14.35,14.14,14.23,484695
11/5/2019,14.27,14.31,14.15,14.19,380689
11/6/2019,14.17,14.17,13.84,13.98,465669
11/7/2019,14.02,14.23,13.71,13.79,712422
11/8/2019,13.31,13.91,12.97,13.23,1103236
11/11/2019,13.17,13.43,13.11,13.36,1063642
11/12/2019,13.32,13.38,13.15,13.31,818265
11/13/2019,13.28,13.46,13.2,13.31,804803
11/14/2019,13.25,13.31,13.01,13.2,885880
11/15/2019,13.28,13.325,13.15,13.32,786449
11/18/2019,13.32,13.4,13.24,13.26,564743
11/19/2019,13.28,13.3,13.18,13.27,416175
11/20/2019,13.22,13.22,13.05,13.14,659732
11/21/2019,13.13,13.15,12.87,12.9,596925
11/22/2019,12.92,13.015,12.89,12.98,781943
11/25/2019,13.03,13.17,12.98,13.17,670750
11/26/2019,13.21,13.395,13.14,13.32,457872
11/27/2019,13.45,13.55,13.35,13.38,548189
11/29/2019,13.31,13.4,13.05,13.17,528885
12/2/2019,13.08,13.26,12.99,13.17,782503
12/3/2019,13.1,13.1,12.82,12.91,491713
12/4/2019,12.93,13.13,12.91,13.07,581296
12/5/2019,13.09,13.31,13.075,13.28,580191
12/6/2019,13.33,13.54,13.285,13.48,578638
12/9/2019,13.45,13.63,13.42,13.49,746970
12/10/2019,13.48,13.57,13.39,13.45,646515
12/11/2019,13.5,13.63,13.4,13.535,539200
12/12/2019,13.59,14.05,13.59,14.03,605803
12/13/2019,14.06,14.065,13.83,13.91,772671
12/16/2019,14,14.26,14,14.09,683244
12/17/2019,14.17,14.22,14.005,14.16,583569
12/18/2019,14.23,14.46,14.13,14.38,672303
12/19/2019,14.35,14.41,14.22,14.31,629733
12/20/2019,14.61,14.61,14.14,14.31,1771060
12/23/2019,14.26,14.355,14.245,14.31,404220
12/24/2019,14.28,14.34,14.27,14.29,112237
12/26/2019,14.36,14.54,14.34,14.53,749291
12/27/2019,14.6,14.6,14.46,14.47,408658
12/30/2019,14.42,14.5,14.41,14.46,344766
12/31/2019,14.48,14.51,14.33,14.51,327715
1/2/2020,14.63,14.82,14.55,14.81,674695
1/3/2020,14.61,14.86,14.61,14.82,1037300
1/6/2020,14.79,14.79,14.62,14.77,475097
1/7/2020,14.72,14.99,14.7,14.93,467690
1/8/2020,14.93,15.11,14.93,14.97,528059
1/9/2020,15,15.05,14.26,14.81,661884
1/10/2020,14.85,14.85,14.69,14.72,436952
1/13/2020,14.71,14.92,14.67,14.9,367304
1/14/2020,14.8,15.06,14.8,15.045,933840
1/15/2020,15.08,15.17,15.01,15.14,488097
1/16/2020,15.23,15.36,15.07,15.25,551222
1/17/2020,15.25,15.36,15.19,15.23,725620
1/21/2020,15.06,15.08,14.73,14.84,612164
1/22/2020,14.83,14.95,14.75,14.79,544912
1/23/2020,14.65,14.815,14.61,14.71,434822
1/24/2020,14.69,14.69,14.34,14.345,899587
1/27/2020,14.18,14.29,14.05,14.1,639157
1/28/2020,14.15,14.21,13.92,13.92,826291
1/29/2020,13.91,14.07,13.72,13.79,583218
1/30/2020,13.75,14.03,13.61,14.01,757101
1/31/2020,13.98,14.06,13.87,13.97,616078
2/3/2020,14.07,14.16,13.97,14.02,732736
2/4/2020,14.21,14.22,14,14.15,531448
2/5/2020,14.33,14.49,14.19,14.4,790780
2/6/2020,14.55,14.82,14.44,14.74,1311445
2/7/2020,14.4,14.55,13.88,14.44,756441
2/10/2020,14.36,14.4,13.94,14.08,947476
2/11/2020,14.25,14.5,14.13,14.48,453640
2/12/2020,14.54,14.87,14.51,14.8,572233
2/13/2020,14.75,14.825,14.66,14.81,488036
2/14/2020,14.8,15.02,14.74,14.98,440377
2/18/2020,14.92,14.99,14.86,14.92,333593
2/19/2020,14.92,15.215,14.89,15.05,512900
2/20/2020,15.07,15.1,14.82,14.98,826305
2/21/2020,14.92,14.93,14.75,14.79,501489
2/24/2020,14.48,14.52,14.03,14.03,819456
2/25/2020,14.08,14.11,13.2,13.235,983519
2/26/2020,13.37,13.37,12.59,12.73,723248
2/27/2020,12.45,12.74,12.09,12.28,1348823
2/28/2020,11.87,12.59,11.87,12.44,2573694
3/2/2020,12.49,12.68,12.09,12.66,1875875
3/3/2020,12.5,13,12.03,12.09,1821923
3/4/2020,12.15,12.19,11.79,12.1,1166599
3/5/2020,11.77,11.78,11.26,11.33,844629
3/6/2020,11.12,11.375,10.9,11.26,1633153
3/9/2020,10.74,10.85,10.34,10.49,1615539
3/10/2020,10.7,11.1,10.325,11.06,1452613
3/11/2020,10.7,10.775,10.24,10.35,2166377
3/12/2020,9.69,10.11,9.38,9.42,3021404
3/13/2020,9.88,10.62,9.68,10.61,2137333
3/16/2020,9.49,10.33,9.23,10.28,1339735
3/17/2020,10.23,11.49,9.97,10.72,2497560
3/18/2020,10.02,10.12,8.78,9.16,2004428
3/19/2020,9.01,9.67,8.81,9.32,1015351
3/20/2020,9.27,9.3,8.545,8.71,2137875
3/23/2020,8.66,8.82,7.92,8.14,2210170
3/24/2020,8.44,8.66,8.2,8.65,1598533
3/25/2020,8.55,9.2,8.09,8.61,1540697
3/26/2020,8.66,9.3,8.66,9.16,1214254
3/27/2020,8.85,8.9,8.375,8.42,1206248
3/30/2020,8.42,8.92,8.19,8.86,1490765
3/31/2020,8.95,9.35,8.78,8.99,1125645
4/1/2020,8.6,9.02,8.45,8.59,1020662
4/2/2020,8.47,8.6,7.875,8.17,1328533
4/3/2020,8.18,8.31,8.05,8.24,1001145
4/6/2020,8.57,9.04,8.57,8.98,730280
4/7/2020,9.38,9.63,8.97,9,1012888
4/8/2020,9.09,9.22,8.85,9.14,570637
4/9/2020,9.33,9.7321,9.22,9.69,796619
4/13/2020,9.66,9.73,9.375,9.58,337679
4/14/2020,9.75,10.18,9.42,9.67,597893
4/15/2020,9.33,9.33,8.925,9.12,482354
4/16/2020,9.14,9.15,8.62,8.7,536179
4/17/2020,8.86,9.23,8.86,9.17,864373
4/20/2020,8.95,9.11,8.86,9.02,481581
4/21/2020,8.8,8.8,8.55,8.62,388308
4/22/2020,8.78,8.78,8.63,8.65,268596
4/23/2020,8.7,9.04,8.6476,8.82,426329
4/24/2020,8.88,9.1,8.83,8.99,662974
4/27/2020,9.17,9.71,9.17,9.6,432217
4/28/2020,9.81,10.07,9.73,9.91,559766
4/29/2020,10.2,10.81,10.2,10.81,1133874
4/30/2020,10.61,10.61,10.12,10.22,553834
5/1/2020,10.03,10.08,9.66,9.7,375434
5/4/2020,9.6,9.935,9.48,9.91,519551
5/5/2020,10.02,10.29,9.79,9.81,742850
5/6/2020,9.85,10.11,9.795,9.99,597711
5/7/2020,9.91,10.11,9.745,9.93,591837
5/8/2020,10.26,11.39,10.26,11.25,642843
5/11/2020,11.04,11.15,10.85,10.98,472104
5/12/2020,11.02,11.1,10.79,10.8,904661
5/13/2020,10.6,10.95,10.55,10.93,760576
5/14/2020,10.65,11.01,10.31,11,649472
5/15/2020,10.92,11.105,10.78,11.01,804536
5/18/2020,11.49,11.64,11.185,11.28,962129
5/19/2020,11.25,11.52,11.15,11.28,392275
5/20/2020,11.36,11.685,11.36,11.65,396887
5/21/2020,11.6,11.665,11.39,11.55,391032
5/22/2020,11.58,11.68,11.53,11.63,249809
5/26/2020,12.05,12.115,11.88,12,299571
5/27/2020,12.17,12.3,11.975,12.3,415368
5/28/2020,12.34,12.34,11.96,12.02,575717
5/29/2020,11.98,12.31,11.96,12.26,907111
6/1/2020,12.27,12.47,12.19,12.24,490059
6/2/2020,12.39,12.4,12.165,12.32,374566
6/3/2020,12.5,13.015,12.44,12.97,525779
6/4/2020,12.86,13.02,12.74,12.84,591058
6/5/2020,13.4,13.46,13,13.04,729551
6/8/2020,12.99,13.505,12.99,13.42,784948
6/9/2020,13.27,13.27,12.865,12.92,360890
6/10/2020,12.92,12.92,12.44,12.44,558394
6/11/2020,12.08,12.17,11.405,11.44,675396
6/12/2020,11.93,11.95,11.485,11.75,557405
6/15/2020,11.39,11.92,11.33,11.84,548132
6/16/2020,12.24,12.305,11.82,12.12,793144
6/17/2020,12.29,12.445,12.09,12.38,478675
6/18/2020,12.32,12.32,11.85,11.98,673232
6/19/2020,12.17,12.24,11.75,11.875,1747830
6/22/2020,11.92,12.065,11.7836,11.99,277089
6/23/2020,12.18,12.23,12.04,12.07,301195
6/24/2020,11.82,11.97,11.66,11.69,423401
6/25/2020,11.65,11.82,11.55,11.77,570785
6/26/2020,11.74,11.74,11.31,11.54,857533
6/29/2020,11.63,11.76,11.44,11.73,221348
6/30/2020,11.7,11.99,11.64,11.95,384286
7/1/2020,11.95,12.24,11.67,12.12,575425
7/2/2020,12.31,12.38,12.06,12.1,343221
7/6/2020,12.36,12.4,12.11,12.21,202050
7/7/2020,12.12,12.19,12.01,12.03,282315
7/8/2020,12.03,12.03,11.75,11.88,306491
7/9/2020,11.87,11.888,11.6,11.73,296320
7/10/2020,11.73,12.01,11.73,11.98,306775
7/13/2020,12.08,12.23,11.89,11.96,402724
7/14/2020,12.03,12.4,11.82,12.38,570200
7/15/2020,12.66,12.75,12.52,12.72,487991
7/16/2020,12.59,12.8882,12.59,12.79,234796
7/17/2020,12.85,12.89,12.68,12.8,238210
7/20/2020,12.72,12.82,12.63,12.73,341749
7/21/2020,12.79,12.88,12.65,12.76,281726
7/22/2020,12.83,13.005,12.77,12.845,216365
7/23/2020,12.84,13.02,12.71,12.73,315919
7/24/2020,12.74,12.89,12.67,12.71,249935
7/27/2020,12.69,12.9211,12.6826,12.91,249098
7/28/2020,12.78,12.81,12.67,12.73,551559
7/29/2020,12.78,12.97,12.75,12.86,635019
7/30/2020,12.7,12.96,12.63,12.92,219619
7/31/2020,12.97,12.97,12.61,12.76,457330
8/3/2020,12.79,13.03,12.675,12.98,436038
8/4/2020,13,13.385,12.97,13.38,232816
8/5/2020,13.39,13.48,13.2,13.31,284648
8/6/2020,13.23,13.58,13.23,13.5,487930
8/7/2020,13.48,14.32,13.12,14.32,497137
8/10/2020,14.68,15.015,14.5,14.95,698247
8/11/2020,15.06,15.35,14.885,14.94,398521
8/12/2020,15.11,15.47,15.11,15.26,381157
8/13/2020,14.91,15.5,14.91,15.43,338647
8/14/2020,15.47,15.55,15.31,15.43,284848
8/17/2020,15.38,15.46,15.16,15.19,218798
8/18/2020,15.13,15.37,15.08,15.29,245652
8/19/2020,15.34,15.5,15.23,15.25,294552
8/20/2020,15.14,15.32,15.041,15.19,521871
8/21/2020,15.19,15.19,14.56,14.63,744052
8/24/2020,14.69,14.855,14.69,14.85,745578
8/25/2020,14.99,14.99,14.825,14.96,529573
8/26/2020,14.91,15.12,14.91,14.98,392793
8/27/2020,15.03,15.11,14.88,15.02,345803
8/28/2020,14.95,15.24,14.91,15.24,359258
8/31/2020,15.17,15.345,15.07,15.07,473787
9/1/2020,15.01,15.21,14.89,15.1,437345
9/2/2020,15.17,15.26,15,15.2,455819
9/3/2020,15.24,15.37,15.03,15.155,555885
9/4/2020,15.31,15.31,14.64,14.925,478779
9/8/2020,14.85,14.85,14.58,14.61,549812
9/9/2020,14.76,15.19,14.63,15.145,797693
9/10/2020,15.19,15.23,14.81,14.86,464742
9/11/2020,14.92,15.16,14.86,15.05,372199
9/14/2020,15.14,15.31,15.1,15.2,563089
9/15/2020,15.19,15.255,15.13,15.23,326769
9/16/2020,15.3,15.3,14.96,14.98,865843
9/17/2020,14.85,15.16,14.77,15.16,941419
9/18/2020,15.05,15.7,14.96,15.48,1984219
9/21/2020,15.15,15.41,14.195,14.47,961692
9/22/2020,14.6,14.74,14.36,14.67,761114
9/23/2020,14.73,14.8,14.08,14.16,626959
9/24/2020,14.18,14.22,13.89,13.97,499124
9/25/2020,13.86,14.02,13.76,13.99,366221
9/28/2020,14.27,14.44,14.09,14.28,467242
9/29/2020,14.08,14.14,13.69,13.77,294536
9/30/2020,13.85,14.08,13.69,13.98,680557
10/1/2020,13.97,14.15,13.55,14.15,421200
10/2/2020,13.94,14.24,13.92,14.17,351031
10/5/2020,14.21,14.39,14.09,14.32,475695
10/6/2020,14.38,14.61,14.13,14.22,586899
10/7/2020,14.33,14.42,14.14,14.16,352881
10/8/2020,14.26,14.35,13.95,14.34,497794
10/9/2020,14.33,14.41,14.135,14.155,397990
10/12/2020,14.24,14.43,14.07,14.15,379936
10/13/2020,14.1,14.285,13.8566,14.225,503021
10/14/2020,14.29,14.52,14.08,14.115,488944
10/15/2020,14.11,14.11,13.74,13.89,342044
10/16/2020,14.04,14.13,13.89,13.94,285905
10/19/2020,14.03,14.03,13.54,13.68,306846
10/20/2020,13.8,13.9,13.65,13.8,305364
10/21/2020,13.68,13.93,13.68,13.86,226000
10/22/2020,13.86,13.99,13.72,13.87,253005
10/23/2020,13.87,13.93,13.68,13.91,259254
10/26/2020,13.69,13.79,13.4,13.59,280752
10/27/2020,13.57,13.67,13.335,13.35,279905
10/28/2020,13.23,13.25,12.86,12.88,463180
10/29/2020,12.79,13.11,12.68,12.96,374322
10/30/2020,12.86,13.05,12.745,13.02,349563
11/2/2020,13.11,13.315,12.97,13.19,514292
11/3/2020,13.33,13.53,13.29,13.38,483710
11/4/2020,13.35,13.555,13.18,13.37,454009
11/5/2020,13.62,14.03,13.2,13.9,417146
11/6/2020,15.3,15.72,14.7735,15.14,819587
11/9/2020,16.01,16.45,15.8,15.83,1318962
11/10/2020,15.97,16.57,15.91,16.48,1066785
11/11/2020,16.43,17.26,16.4,17.24,688718
11/12/2020,17.07,17.69,16.44,16.59,510911
11/13/2020,16.8,17.23,16.585,17.18,422483
11/16/2020,17.61,17.68,17.34,17.6,403632
11/17/2020,17.51,17.965,17.37,17.81,603729
11/18/2020,17.82,18.1,17.62,17.63,327534
11/19/2020,17.54,17.775,17.45,17.63,393852
11/20/2020,17.64,17.65,17.32,17.56,420891
11/23/2020,17.68,18.025,17.64,17.94,276013
11/24/2020,17.9,18.33,17.83,18.18,418152
11/25/2020,18.12,18.29,17.825,18.01,395932
11/27/2020,18.04,18.08,17.775,17.81,228570
11/30/2020,17.76,18.04,17.725,17.81,931666
12/1/2020,18.01,18.34,17.96,18.25,605168
12/2/2020,18.15,18.53,17.92,18.44,381737
12/3/2020,18.42,18.625,18.285,18.57,482538
12/4/2020,18.59,18.73,18.44,18.67,298862
12/7/2020,18.58,18.64,18.4,18.47,438628
12/8/2020,18.35,18.53,18.255,18.44,435809
12/9/2020,18.58,18.58,18.18,18.28,322055
12/10/2020,18.18,18.495,18.13,18.25,695844
12/11/2020,18.1,18.32,17.835,17.86,273441
12/14/2020,18.04,18.04,17.515,17.63,637489
12/15/2020,17.76,18.05,17.72,18.025,776945
12/16/2020,17.98,18.01,17.54,17.64,453664
12/17/2020,17.73,17.77,17.365,17.59,1806119
12/18/2020,17.48,17.55,17.1799,17.29,2957495
12/21/2020,17.08,17.54,17.05,17.51,1046100
12/22/2020,17.5,17.7,17.33,17.52,1439507
12/23/2020,17.55,17.645,17.46,17.5,2605599
12/24/2020,17.63,17.78,17.55,17.68,1352071
12/28/2020,17.85,18.15,17.71,18.085,425701
12/29/2020,18.05,18.07,17.805,17.85,506927
12/30/2020,17.76,18.105,17.76,17.91,411243
12/31/2020,17.9,17.92,17.73,17.77,558766
1/4/2021,17.96,18.1301,17.59,17.96,1033616
1/5/2021,17.98,18.19,17.83,18.06,616243
1/6/2021,18.2,19.12,18.13,18.81,1161022
1/7/2021,18.7,18.89,18.28,18.28,723033
1/8/2021,18.36,18.4,17.95,18.16,803319
1/11/2021,18.05,18.37,17.95,18.27,650547
1/12/2021,18.25,18.35,17.985,18.07,585425
1/13/2021,17.99,18.235,17.89,17.96,624784
1/14/2021,18,18.51,18,18.33,659522
1/15/2021,18.2,18.37,18.02,18.32,821219
1/19/2021,18.165,18.49,18.15,18.33,1248682
1/20/2021,18.4,18.7,18.385,18.63,955135
1/21/2021,18.59,18.93,18.52,18.74,585803
1/22/2021,18.63,18.6922,18.22,18.24,1374376
1/25/2021,18.14,18.49,17.98,18.35,1705447
1/26/2021,18.51,18.81,18.44,18.75,711825
1/27/2021,18.86,19.42,18.63,19.02,1781134
1/28/2021,19.12,19.225,18.67,18.9,757336
1/29/2021,19.02,19.26,18.76,18.88,1205399
2/1/2021,18.59,19.01,18.3,18.79,721557
2/2/2021,18.92,19.4,18.84,19.23,557225
2/3/2021,19.22,19.33,19.075,19.26,397903
2/4/2021,19.24,19.86,19.19,19.62,768085
2/5/2021,20.79,21.58,20.72,20.82,853331
2/8/2021,20.83,21.45,20.83,21.4,715530
2/9/2021,21.58,22.125,21.505,21.97,692558
2/10/2021,22.17,23.05,22,22.61,2209367
2/11/2021,22.67,23.01,22.51,22.97,601609
2/12/2021,23.41,23.9,23.21,23.5,551474
2/16/2021,23.46,23.49,23.13,23.2,916952
2/17/2021,24.04,24.108,22.77,22.9,901325
2/18/2021,22.82,23.02,22.53,22.59,696244
2/19/2021,22.78,22.78,22.3255,22.41,367707
2/22/2021,22.5,23.33,22.37,23.105,362041
2/23/2021,22.97,23.18,22.71,23.08,497573
2/24/2021,23.04,23.6,22.93,23.24,465847
2/25/2021,23.35,23.54,22.63,22.65,382968
2/26/2021,22.67,23.18,22.53,22.92,596176
3/1/2021,23.21,23.865,23.11,23.73,349476
3/2/2021,23.72,23.78,23.09,23.1,335563
3/3/2021,23.15,23.58,23.03,23.05,548728
3/4/2021,23.02,23.33,22.39,22.77,346071
3/5/2021,22.94,23.545,22.51,23.5,515707
3/8/2021,23.5,23.76,22.98,23.23,756353
3/9/2021,24,24.46,23.39,23.8,632629
3/10/2021,23.86,24.77,23.69,24.37,797253
3/11/2021,24.33,24.63,24.14,24.51,455748
3/12/2021,24.52,25.03,24.52,24.93,340809
3/15/2021,24.93,24.93,24.38,24.72,530646
3/16/2021,24.81,25.43,24.81,25.22,513495
3/17/2021,25.07,25.07,24.28,24.92,997061
3/18/2021,24.85,25.64,24.79,25.2,1714170
3/19/2021,25.13,25.44,24.75,25.13,1856040
3/22/2021,25.2,25.24,24.38,24.73,602118
3/23/2021,24.405,24.67,24.07,24.17,735511
3/24/2021,24.26,24.45,23.605,23.69,585144
3/25/2021,23.52,24.49,23.3,24.42,431837
3/26/2021,24.45,24.58,23.68,24.01,962766
3/29/2021,24.02,24.02,23.22,23.39,444582
3/30/2021,23.37,24.015,23.37,23.83,1002677
3/31/2021,23.9,24.06,23.43,23.46,1408871
4/1/2021,23.59,24.01,23.18,24,1084012
4/5/2021,24.07,24.68,23.9,24.52,594840
4/6/2021,24.54,24.94,24.4,24.54,624229
4/7/2021,24.34,24.72,24.27,24.36,370460
4/8/2021,24.4,24.75,24.1,24.7,824006
4/9/2021,24.68,24.765,24.35,24.63,295540
4/12/2021,24.6,24.92,24.465,24.78,537598
4/13/2021,24.78,24.78,24.17,24.26,508903
4/14/2021,24.19,24.67,24.12,24.58,768405
4/15/2021,24.87,24.96,24.5,24.8,417299
4/16/2021,25,25.1,24.73,24.895,709539
,,,,,
