Date,,,,Close,,,,,
4/19/2018,,,,151.04,,,,,
4/20/2018,,,,150.05,,,,,
4/23/2018,,,,151.67,,,,,
4/24/2018,,,,153.44,,,,,
4/25/2018,,,,154.68,,,,,
4/26/2018,,,,149.68,,,,,
4/27/2018,,,,152.3,,,,,
4/30/2018,,,,148.24,,,,,
5/1/2018,,,,147.1,,,,,
5/2/2018,,,,144.51,,,,,
5/3/2018,,,,144.24,,,,,
5/4/2018,,,,145.32,,,,,
5/7/2018,,,,144.44,,,,,
5/8/2018,,,,142.56,,,,,
5/9/2018,,,,140.95,,,,,
5/10/2018,,,,143.64,,,,,
5/11/2018,,,,146.65,,,,,
5/14/2018,,,,146.12,,,,,
5/15/2018,,,,144.94,,,,,
5/16/2018,,,,145.45,,,,,
5/17/2018,,,,144.64,,,,,
5/18/2018,,,,144.75,,,,,
5/21/2018,,,,146.91,,,,,
5/22/2018,,,,147.12,,,,,
5/23/2018,,,,146.49,,,,,
5/24/2018,,,,147.36,,,,,
5/25/2018,,,,146.49,,,,,
5/29/2018,,,,145.66,,,,,
5/30/2018,,,,146.78,,,,,
5/31/2018,,,,144.87,,,,,
6/1/2018,,,,145.23,,,,,
6/4/2018,,,,145.08,,,,,
6/5/2018,,,,145.81,,,,,
6/6/2018,,,,148.01,,,,,
6/7/2018,,,,149.81,,,,,
6/8/2018,,,,150.11,,,,,
6/11/2018,,,,151.11,,,,,
6/12/2018,,,,150.8,,,,,
6/13/2018,,,,144.03,,,,,
6/14/2018,,,,145.44,,,,,
6/15/2018,,,,147.15,,,,,
6/18/2018,,,,144.25,,,,,
6/19/2018,,,,146.3,,,,,
6/20/2018,,,,144.88,,,,,
6/21/2018,,,,144.62,,,,,
6/22/2018,,,,146.39,,,,,
6/25/2018,,,,146.28,,,,,
6/26/2018,,,,145.66,,,,,
6/27/2018,,,,145.71,,,,,
6/28/2018,,,,149.05,,,,,
6/29/2018,,,,148.12,,,,,
7/2/2018,,,,148.46,,,,,
7/3/2018,,,,150.19,,,,,
7/5/2018,,,,150.79,,,,,
7/6/2018,,,,151.33,,,,,
7/9/2018,,,,149.18,,,,,
7/10/2018,,,,150.87,,,,,
7/11/2018,,,,149.29,,,,,
7/12/2018,,,,150.07,,,,,
7/13/2018,,,,148.94,,,,,
7/16/2018,,,,149.64,,,,,
7/17/2018,,,,149.1,,,,,
7/18/2018,,,,148.56,,,,,
7/19/2018,,,,146.92,,,,,
7/20/2018,,,,146.2,,,,,
7/23/2018,,,,146.16,,,,,
7/24/2018,,,,148.73,,,,,
7/25/2018,,,,144.44,,,,,
7/26/2018,,,,145.07,,,,,
7/27/2018,,,,147.88,,,,,
7/30/2018,,,,150.76,,,,,
7/31/2018,,,,149.6,,,,,
8/1/2018,,,,149.49,,,,,
8/2/2018,,,,149.76,,,,,
8/3/2018,,,,151.16,,,,,
8/6/2018,,,,151.03,,,,,
8/7/2018,,,,151.66,,,,,
8/8/2018,,,,151.85,,,,,
8/9/2018,,,,153.34,,,,,
8/10/2018,,,,152.21,,,,,
8/13/2018,,,,151.92,,,,,
8/14/2018,,,,153.01,,,,,
8/15/2018,,,,154.07,,,,,
8/16/2018,,,,157.17,,,,,
8/17/2018,,,,157.77,,,,,
8/20/2018,,,,157.89,,,,,
8/21/2018,,,,158.96,,,,,
8/22/2018,,,,155.75,,,,,
8/23/2018,,,,155.61,,,,,
8/24/2018,,,,156.61,,,,,
8/27/2018,,,,157.19,,,,,
8/28/2018,,,,156.43,,,,,
8/29/2018,,,,155.24,,,,,
8/30/2018,,,,154.64,,,,,
8/31/2018,,,,153.99,,,,,
9/4/2018,,,,152.27,,,,,
9/5/2018,,,,153.53,,,,,
9/6/2018,,,,154.65,,,,,
9/7/2018,,,,154.1,,,,,
9/10/2018,,,,154.85,,,,,
9/11/2018,,,,156.53,,,,,
9/12/2018,,,,158.75,,,,,
9/13/2018,,,,159.23,,,,,
9/14/2018,,,,158.55,,,,,
9/17/2018,,,,158.81,,,,,
9/18/2018,,,,158.75,,,,,
9/19/2018,,,,156.61,,,,,
9/20/2018,,,,157.32,,,,,
9/21/2018,,,,158.86,,,,,
9/24/2018,,,,159.19,,,,,
9/25/2018,,,,159.33,,,,,
9/26/2018,,,,159.9,,,,,
9/27/2018,,,,161.18,,,,,
9/28/2018,,,,160.55,,,,,
10/1/2018,,,,160.38,,,,,
10/2/2018,,,,160.55,,,,,
10/3/2018,,,,160.99,,,,,
10/4/2018,,,,158.61,,,,,
10/5/2018,,,,156.96,,,,,
10/8/2018,,,,156.73,,,,,
10/9/2018,,,,156.45,,,,,
10/10/2018,,,,150.28,,,,,
10/11/2018,,,,149.02,,,,,
10/12/2018,,,,152.11,,,,,
10/15/2018,,,,151.46,,,,,
10/16/2018,,,,155.01,,,,,
10/17/2018,,,,155.81,,,,,
10/18/2018,,,,152.94,,,,,
10/19/2018,,,,153.2,,,,,
10/22/2018,,,,153.14,,,,,
10/23/2018,,,,153.76,,,,,
10/24/2018,,,,146.26,,,,,
10/25/2018,,,,150.16,,,,,
10/26/2018,,,,146.55,,,,,
10/29/2018,,,,144.19,,,,,
10/30/2018,,,,147.78,,,,,
10/31/2018,,,,150.88,,,,,
11/1/2018,,,,151.09,,,,,
11/2/2018,,,,149.86,,,,,
11/5/2018,,,,149.39,,,,,
11/6/2018,,,,150.29,,,,,
11/7/2018,,,,153.2,,,,,
11/8/2018,,,,151.77,,,,,
11/9/2018,,,,149.57,,,,,
11/12/2018,,,,147.36,,,,,
11/13/2018,,,,146.97,,,,,
11/14/2018,,,,147.64,,,,,
11/15/2018,,,,148.56,,,,,
11/16/2018,,,,147.98,,,,,
11/19/2018,,,,144.14,,,,,
11/20/2018,,,,142.33,,,,,
11/21/2018,,,,143.75,,,,,
11/23/2018,,,,142.03,,,,,
11/26/2018,,,,144.77,,,,,
11/27/2018,,,,145.59,,,,,
11/28/2018,,,,148.68,,,,,
11/29/2018,,,,149.21,,,,,
11/30/2018,,,,149.86,,,,,
12/3/2018,,,,149.98,,,,,
12/4/2018,,,,145.26,,,,,
12/6/2018,,,,146.77,,,,,
12/7/2018,,,,143.7,,,,,
12/10/2018,,,,144.78,,,,,
12/11/2018,,,,144.99,,,,,
12/12/2018,,,,146.18,,,,,
12/13/2018,,,,145.92,,,,,
12/14/2018,,,,144.43,,,,,
12/17/2018,,,,141.68,,,,,
12/18/2018,,,,142.55,,,,,
12/19/2018,,,,140.11,,,,,
12/20/2018,,,,137.82,,,,,
12/21/2018,,,,133.59,,,,,
12/24/2018,,,,130.86,,,,,
12/26/2018,,,,137.92,,,,,
12/27/2018,,,,138.65,,,,,
12/28/2018,,,,138.39,,,,,
12/31/2018,,,,138.78,,,,,
1/2/2019,,,,140.52,,,,,
1/3/2019,,,,138.48,,,,,
1/4/2019,,,,144.11,,,,,
1/7/2019,,,,145.21,,,,,
1/8/2019,,,,147.51,,,,,
1/9/2019,,,,146.98,,,,,
1/10/2019,,,,147.27,,,,,
1/11/2019,,,,147.07,,,,,
1/14/2019,,,,146.47,,,,,
1/15/2019,,,,149.02,,,,,
1/16/2019,,,,148.42,,,,,
1/17/2019,,,,148.98,,,,,
1/18/2019,,,,149.76,,,,,
1/22/2019,,,,146.83,,,,,
1/23/2019,,,,147.19,,,,,
1/24/2019,,,,147.23,,,,,
1/25/2019,,,,148.72,,,,,
1/28/2019,,,,147.02,,,,,
1/29/2019,,,,145.46,,,,,
1/30/2019,,,,147.25,,,,,
1/31/2019,,,,152.75,,,,,
2/1/2019,,,,152.23,,,,,
2/4/2019,,,,153.68,,,,,
2/5/2019,,,,155.08,,,,,
2/6/2019,,,,152.77,,,,,
2/7/2019,,,,151.2,,,,,
2/8/2019,,,,151.73,,,,,
2/11/2019,,,,150.78,,,,,
2/12/2019,,,,152.5,,,,,
2/13/2019,,,,152.34,,,,,
2/14/2019,,,,152.67,,,,,
2/15/2019,,,,153.28,,,,,
2/19/2019,,,,153.75,,,,,
2/20/2019,,,,153.65,,,,,
2/21/2019,,,,152.68,,,,,
2/22/2019,,,,154.28,,,,,
2/25/2019,,,,154.41,,,,,
2/26/2019,,,,154.61,,,,,
2/27/2019,,,,154.01,,,,,
2/28/2019,,,,154,,,,,
3/1/2019,,,,155.2,,,,,
3/4/2019,,,,155.24,,,,,
3/5/2019,,,,156.37,,,,,
3/6/2019,,,,156.35,,,,,
3/7/2019,,,,155.08,,,,,
3/8/2019,,,,154.99,,,,,
3/11/2019,,,,157.88,,,,,
3/12/2019,,,,158.77,,,,,
3/13/2019,,,,159.17,,,,,
3/14/2019,,,,158.54,,,,,
3/15/2019,,,,158.56,,,,,
3/18/2019,,,,157.29,,,,,
3/19/2019,,,,157.25,,,,,
3/20/2019,,,,159.08,,,,,
3/21/2019,,,,160.5,,,,,
3/22/2019,,,,158.47,,,,,
3/25/2019,,,,158.17,,,,,
3/26/2019,,,,158.88,,,,,
3/27/2019,,,,158.02,,,,,
3/28/2019,,,,157.23,,,,,
3/29/2019,,,,157.68,,,,,
4/1/2019,,,,159.97,,,,,
4/2/2019,,,,160.61,,,,,
4/3/2019,,,,161.2,,,,,
4/4/2019,,,,162.27,,,,,
4/5/2019,,,,162.33,,,,,
4/8/2019,,,,162.08,,,,,
4/9/2019,,,,162.12,,,,,
4/10/2019,,,,162.61,,,,,
4/11/2019,,,,162.85,,,,,
4/12/2019,,,,164.85,,,,,
4/15/2019,,,,165.14,,,,,
4/16/2019,,,,165.49,,,,,
4/17/2019,,,,165.74,,,,,
4/18/2019,,,,165.97,,,,,
4/22/2019,,,,167.17,,,,,
4/23/2019,,,,168.6,,,,,
4/24/2019,,,,167.34,,,,,
4/25/2019,,,,169.15,,,,,
4/26/2019,,,,170.44,,,,,
4/29/2019,,,,171.89,,,,,
4/30/2019,,,,167.49,,,,,
5/1/2019,,,,166.37,,,,,
5/2/2019,,,,165.53,,,,,
5/3/2019,,,,167.45,,,,,
5/6/2019,,,,167.14,,,,,
5/7/2019,,,,164.87,,,,,
5/8/2019,,,,164.28,,,,,
5/9/2019,,,,163.98,,,,,
5/10/2019,,,,164.33,,,,,
5/13/2019,,,,160.19,,,,,
5/14/2019,,,,160.58,,,,,
5/15/2019,,,,163.97,,,,,
5/16/2019,,,,165.55,,,,,
5/17/2019,,,,164.76,,,,,
5/20/2019,,,,162.83,,,,,
5/21/2019,,,,164.39,,,,,
5/22/2019,,,,164.44,,,,,
5/23/2019,,,,162.37,,,,,
5/24/2019,,,,162.38,,,,,
5/28/2019,,,,162.65,,,,,
5/29/2019,,,,160.85,,,,,
5/30/2019,,,,160.81,,,,,
5/31/2019,,,,157.52,,,,,
6/3/2019,,,,153.13,,,,,
6/4/2019,,,,155.8,,,,,
6/5/2019,,,,155.99,,,,,
6/6/2019,,,,156.67,,,,,
6/7/2019,,,,158.98,,,,,
6/10/2019,,,,158.75,,,,,
6/11/2019,,,,159.21,,,,,
6/12/2019,,,,158.76,,,,,
6/13/2019,,,,160.57,,,,,
6/14/2019,,,,161.19,,,,,
6/17/2019,,,,162.9,,,,,
6/18/2019,,,,163.57,,,,,
6/19/2019,,,,163.87,,,,,
6/20/2019,,,,164.91,,,,,
6/21/2019,,,,165.57,,,,,
6/24/2019,,,,165.75,,,,,
6/25/2019,,,,163.1,,,,,
6/26/2019,,,,162.26,,,,,
6/27/2019,,,,162.96,,,,,
6/28/2019,,,,164.23,,,,,
7/1/2019,,,,165.46,,,,,
7/2/2019,,,,167.22,,,,,
7/3/2019,,,,168.41,,,,,
7/5/2019,,,,168.73,,,,,
7/8/2019,,,,167.22,,,,,
7/9/2019,,,,167.69,,,,,
7/10/2019,,,,169.81,,,,,
7/11/2019,,,,169.66,,,,,
7/12/2019,,,,170.73,,,,,
7/15/2019,,,,170.84,,,,,
7/16/2019,,,,170.73,,,,,
7/17/2019,,,,169.22,,,,,
7/18/2019,,,,167.72,,,,,
7/19/2019,,,,165.51,,,,,
7/22/2019,,,,165.77,,,,,
7/23/2019,,,,166.27,,,,,
7/24/2019,,,,167.74,,,,,
7/25/2019,,,,167.61,,,,,
7/26/2019,,,,173.05,,,,,
7/29/2019,,,,172.23,,,,,
7/30/2019,,,,171.08,,,,,
7/31/2019,,,,169.18,,,,,
8/1/2019,,,,168.35,,,,,
8/2/2019,,,,167.01,,,,,
8/5/2019,,,,162.14,,,,,
8/6/2019,,,,164.33,,,,,
8/7/2019,,,,163.64,,,,,
8/8/2019,,,,167.28,,,,,
8/9/2019,,,,165.94,,,,,
8/12/2019,,,,164.32,,,,,
8/13/2019,,,,166.78,,,,,
8/14/2019,,,,161.67,,,,,
8/15/2019,,,,162.44,,,,,
8/16/2019,,,,164.35,,,,,
8/19/2019,,,,166.64,,,,,
8/20/2019,,,,164.99,,,,,
8/21/2019,,,,165.64,,,,,
8/22/2019,,,,165.36,,,,,
8/23/2019,,,,161.06,,,,,
8/26/2019,,,,163.52,,,,,
8/27/2019,,,,163.68,,,,,
8/28/2019,,,,164.51,,,,,
8/29/2019,,,,166.71,,,,,
8/30/2019,,,,166.58,,,,,
9/3/2019,,,,164.87,,,,,
9/4/2019,,,,167.52,,,,,
9/5/2019,,,,170.2,,,,,
9/6/2019,,,,169.82,,,,,
9/9/2019,,,,170.2,,,,,
9/10/2019,,,,170.15,,,,,
9/11/2019,,,,171.76,,,,,
9/12/2019,,,,172.39,,,,,
9/13/2019,,,,172.31,,,,,
9/16/2019,,,,170.99,,,,,
9/17/2019,,,,171.49,,,,,
9/18/2019,,,,171.35,,,,,
9/19/2019,,,,171.45,,,,,
9/20/2019,,,,170.66,,,,,
9/23/2019,,,,169.98,,,,,
9/24/2019,,,,167.7,,,,,
9/25/2019,,,,169.58,,,,,
9/26/2019,,,,168.23,,,,,
9/27/2019,,,,166.67,,,,,
9/30/2019,,,,167.26,,,,,
10/1/2019,,,,165.56,,,,,
10/2/2019,,,,163.32,,,,,
10/3/2019,,,,164.67,,,,,
10/4/2019,,,,166.98,,,,,
10/7/2019,,,,167.05,,,,,
10/8/2019,,,,164.85,,,,,
10/9/2019,,,,165.47,,,,,
10/10/2019,,,,166.53,,,,,
10/11/2019,,,,168.26,,,,,
10/14/2019,,,,167.92,,,,,
10/15/2019,,,,170.64,,,,,
10/16/2019,,,,170.89,,,,,
10/17/2019,,,,171.98,,,,,
10/18/2019,,,,170.48,,,,,
10/21/2019,,,,171.19,,,,,
10/22/2019,,,,169.65,,,,,
10/23/2019,,,,170.73,,,,,
10/24/2019,,,,169.48,,,,,
10/25/2019,,,,170.68,,,,,
10/28/2019,,,,172.68,,,,,
10/29/2019,,,,171.03,,,,,
10/30/2019,,,,171.36,,,,,
10/31/2019,,,,171.82,,,,,
11/1/2019,,,,173.25,,,,,
11/4/2019,,,,173.95,,,,,
11/5/2019,,,,173.83,,,,,
11/6/2019,,,,173.48,,,,,
11/7/2019,,,,174.64,,,,,
11/8/2019,,,,175.28,,,,,
11/11/2019,,,,174.59,,,,,
11/12/2019,,,,175.11,,,,,
11/13/2019,,,,175.85,,,,,
11/14/2019,,,,176.38,,,,,
11/15/2019,,,,177.63,,,,,
11/18/2019,,,,178.12,,,,,
11/19/2019,,,,177.66,,,,,
11/20/2019,,,,176.25,,,,,
11/21/2019,,,,176.69,,,,,
11/22/2019,,,,176.92,,,,,
11/25/2019,,,,177.13,,,,,
11/26/2019,,,,177.77,,,,,
11/27/2019,,,,178.89,,,,,
11/29/2019,,,,178.24,,,,,
12/2/2019,,,,176.69,,,,,
12/3/2019,,,,176.54,,,,,
12/4/2019,,,,177.67,,,,,
12/5/2019,,,,178.36,,,,,
12/6/2019,,,,179.48,,,,,
12/9/2019,,,,178.96,,,,,
12/10/2019,,,,178.32,,,,,
12/11/2019,,,,178.86,,,,,
12/12/2019,,,,178.85,,,,,
12/13/2019,,,,178.27,,,,,
12/16/2019,,,,180.12,,,,,
12/17/2019,,,,180.14,,,,,
12/18/2019,,,,180.67,,,,,
12/19/2019,,,,182.1,,,,,
12/20/2019,,,,182.8,,,,,
12/23/2019,,,,182.18,,,,,
12/24/2019,,,,181.94,,,,,
12/26/2019,,,,183.42,,,,,
12/27/2019,,,,183.16,,,,,
12/30/2019,,,,181.28,,,,,
12/31/2019,,,,181.64,,,,,
1/2/2020,,,,184.03,,,,,
1/3/2020,,,,183.01,,,,,
1/6/2020,,,,185.24,,,,,
1/7/2020,,,,185.17,,,,,
1/8/2020,,,,186.44,,,,,
1/9/2020,,,,186.92,,,,,
1/10/2020,,,,186.63,,,,,
1/13/2020,,,,188.08,,,,,
1/14/2020,,,,187.52,,,,,
1/15/2020,,,,188.15,,,,,
1/16/2020,,,,189.4,,,,,
1/17/2020,,,,191.1,,,,,
1/21/2020,,,,191.01,,,,,
1/22/2020,,,,191.12,,,,,
1/23/2020,,,,190.47,,,,,
1/24/2020,,,,188.48,,,,,
1/27/2020,,,,185.29,,,,,
1/28/2020,,,,187.48,,,,,
1/29/2020,,,,186.67,,,,,
1/30/2020,,,,185.19,,,,,
1/31/2020,,,,182.84,,,,,
2/3/2020,,,,185.16,,,,,
2/4/2020,,,,186.46,,,,,
2/5/2020,,,,186.55,,,,,
2/6/2020,,,,188.68,,,,,
2/7/2020,,,,188.88,,,,,
2/10/2020,,,,190.46,,,,,
2/11/2020,,,,189.29,,,,,
2/12/2020,,,,191.03,,,,,
2/13/2020,,,,191.31,,,,,
2/14/2020,,,,191.5,,,,,
2/18/2020,,,,192.26,,,,,
2/19/2020,,,,192.97,,,,,
2/20/2020,,,,191.8,,,,,
2/21/2020,,,,189.12,,,,,
2/24/2020,,,,182.85,,,,,
2/25/2020,,,,178.45,,,,,
2/26/2020,,,,178.08,,,,,
2/27/2020,,,,170.87,,,,,
2/28/2020,,,,171.25,,,,,
3/2/2020,,,,177.39,,,,,
3/3/2020,,,,171.49,,,,,
3/4/2020,,,,177.63,,,,,
3/5/2020,,,,171.06,,,,,
3/6/2020,,,,168.93,,,,,
3/9/2020,,,,158.44,,,,,
3/10/2020,,,,165.62,,,,,
3/11/2020,,,,158.45,,,,,
3/12/2020,,,,144.33,,,,,
3/13/2020,,,,157.61,,,,,
3/16/2020,,,,141.15,,,,,
3/17/2020,,,,146.78,,,,,
3/18/2020,,,,142.65,,,,,
3/19/2020,,,,145.02,,,,,
3/20/2020,,,,138.3,,,,,
3/23/2020,,,,137.76,,,,,
3/24/2020,,,,145.77,,,,,
3/25/2020,,,,143.46,,,,,
3/26/2020,,,,152.14,,,,,
3/27/2020,,,,145.91,,,,,
3/30/2020,,,,151.13,,,,,
3/31/2020,,,,150.35,,,,,
4/1/2020,,,,144.44,,,,,
4/2/2020,,,,147.07,,,,,
4/3/2020,,,,143.84,,,,,
4/6/2020,,,,153.48,,,,,
4/7/2020,,,,154.51,,,,,
4/8/2020,,,,157.06,,,,,
4/9/2020,,,,158.14,,,,,
4/13/2020,,,,158.29,,,,,
4/14/2020,,,,163.41,,,,,
4/15/2020,,,,161.7,,,,,
4/16/2020,,,,162.39,,,,,
4/17/2020,,,,164.69,,,,,
4/20/2020,,,,163.18,,,,,
4/21/2020,,,,157.99,,,,,
4/22/2020,,,,161.76,,,,,
4/23/2020,,,,162.91,,,,,
4/24/2020,,,,164.63,,,,,
4/27/2020,,,,165.55,,,,,
4/28/2020,,,,162.42,,,,,
4/29/2020,,,,170.62,,,,,
4/30/2020,,,,170.66,,,,,
5/1/2020,,,,167.99,,,,,
5/4/2020,,,,168.53,,,,,
5/5/2020,,,,169.57,,,,,
5/6/2020,,,,168.89,,,,,
5/7/2020,,,,171.53,,,,,
5/8/2020,,,,174.23,,,,,
5/11/2020,,,,174.47,,,,,
5/12/2020,,,,171.09,,,,,
5/13/2020,,,,168.32,,,,,
5/14/2020,,,,170.01,,,,,
5/15/2020,,,,172.15,,,,,
5/18/2020,,,,175.85,,,,,
5/19/2020,,,,175.13,,,,,
5/20/2020,,,,179.85,,,,,
5/21/2020,,,,179.04,,,,,
5/22/2020,,,,179.85,,,,,
5/26/2020,,,,180.36,,,,,
5/27/2020,,,,181.35,,,,,
5/28/2020,,,,179.62,,,,,
5/29/2020,,,,180.89,,,,,
6/1/2020,,,,182.34,,,,,
6/2/2020,,,,183.23,,,,,
6/3/2020,,,,183.62,,,,,
6/4/2020,,,,182.14,,,,,
6/5/2020,,,,185.2,,,,,
6/8/2020,,,,187.28,,,,,
6/9/2020,,,,187.61,,,,,
6/10/2020,,,,187.13,,,,,
6/11/2020,,,,178.44,,,,,
6/12/2020,,,,180.02,,,,,
6/15/2020,,,,181.82,,,,,
6/16/2020,,,,184.03,,,,,
6/17/2020,,,,184.17,,,,,
6/18/2020,,,,184.15,,,,,
6/19/2020,,,,183.56,,,,,
6/22/2020,,,,184.51,,,,,
6/23/2020,,,,185.65,,,,,
6/24/2020,,,,181.1,,,,,
6/25/2020,,,,182.14,,,,,
6/26/2020,,,,173.97,,,,,
6/29/2020,,,,177.53,,,,,
6/30/2020,,,,179.88,,,,,
7/1/2020,,,,183.9,,,,,
7/2/2020,,,,183.78,,,,,
7/6/2020,,,,187.73,,,,,
7/7/2020,,,,187.03,,,,,
7/8/2020,,,,188.77,,,,,
7/9/2020,,,,188.7,,,,,
7/10/2020,,,,192.39,,,,,
7/13/2020,,,,188.61,,,,,
7/14/2020,,,,190.31,,,,,
7/15/2020,,,,190.86,,,,,
7/16/2020,,,,191.43,,,,,
7/17/2020,,,,190.61,,,,,
7/20/2020,,,,192.99,,,,,
7/21/2020,,,,192.2,,,,,
7/22/2020,,,,192.28,,,,,
7/23/2020,,,,188.54,,,,,
7/24/2020,,,,188.43,,,,,
7/27/2020,,,,189.9,,,,,
7/28/2020,,,,188.15,,,,,
7/29/2020,,,,189.62,,,,,
7/30/2020,,,,190.22,,,,,
7/31/2020,,,,191.69,,,,,
8/3/2020,,,,191.64,,,,,
8/4/2020,,,,192.29,,,,,
8/5/2020,,,,192.76,,,,,
8/6/2020,,,,197.49,,,,,
8/7/2020,,,,197.39,,,,,
8/10/2020,,,,196.49,,,,,
8/11/2020,,,,193.93,,,,,
8/12/2020,,,,196.35,,,,,
8/13/2020,,,,197.09,,,,,
8/14/2020,,,,196.89,,,,,
8/17/2020,,,,197.08,,,,,
8/18/2020,,,,199.23,,,,,
8/19/2020,,,,198.34,,,,,
8/20/2020,,,,201.06,,,,,
8/21/2020,,,,200.3,,,,,
8/24/2020,,,,202.42,,,,,
8/25/2020,,,,204.38,,,,,
8/26/2020,,,,211.97,,,,,
8/27/2020,,,,209.23,,,,,
8/28/2020,,,,209.9,,,,,
8/31/2020,,,,209.04,,,,,
9/1/2020,,,,211.21,,,,,
9/2/2020,,,,215.83,,,,,
9/3/2020,,,,208.61,,,,,
9/4/2020,,,,204.6,,,,,
9/8/2020,,,,199.68,,,,,
9/9/2020,,,,201.51,,,,,
9/10/2020,,,,198.34,,,,,
9/11/2020,,,,197.76,,,,,
9/14/2020,,,,198.02,,,,,
9/15/2020,,,,201.42,,,,,
9/16/2020,,,,198.99,,,,,
9/17/2020,,,,195.34,,,,,
9/18/2020,,,,193.19,,,,,
9/21/2020,,,,190.89,,,,,
9/22/2020,,,,194.47,,,,,
9/23/2020,,,,189.25,,,,,
9/24/2020,,,,190,,,,,
9/25/2020,,,,192.42,,,,,
9/28/2020,,,,194.71,,,,,
9/29/2020,,,,195.26,,,,,
9/30/2020,,,,195.49,,,,,
10/1/2020,,,,198.17,,,,,
10/2/2020,,,,194.22,,,,,
10/5/2020,,,,197.38,,,,,
10/6/2020,,,,193.47,,,,,
10/7/2020,,,,195.17,,,,,
10/8/2020,,,,197.05,,,,,
10/9/2020,,,,198.57,,,,,
10/12/2020,,,,203.37,,,,,
10/13/2020,,,,204.07,,,,,
10/14/2020,,,,201.66,,,,,
10/15/2020,,,,200.34,,,,,
10/16/2020,,,,200.36,,,,,
10/19/2020,,,,196.61,,,,,
10/20/2020,,,,198.19,,,,,
10/21/2020,,,,200.74,,,,,
10/22/2020,,,,202.44,,,,,
10/23/2020,,,,204.62,,,,,
10/26/2020,,,,199.98,,,,,
10/27/2020,,,,201.08,,,,,
10/28/2020,,,,192.98,,,,,
10/29/2020,,,,198.51,,,,,
10/30/2020,,,,196.55,,,,,
11/2/2020,,,,196.72,,,,,
11/3/2020,,,,199.51,,,,,
11/4/2020,,,,207.99,,,,,
11/5/2020,,,,211.67,,,,,
11/6/2020,,,,211.48,,,,,
11/9/2020,,,,210.94,,,,,
11/10/2020,,,,210.27,,,,,
11/11/2020,,,,211.46,,,,,
11/12/2020,,,,210.46,,,,,
11/13/2020,,,,213.16,,,,,
11/16/2020,,,,214.49,,,,,
11/17/2020,,,,213.59,,,,,
11/18/2020,,,,211.52,,,,,
11/19/2020,,,,212.39,,,,,
11/20/2020,,,,211.22,,,,,
11/23/2020,,,,211.32,,,,,
11/24/2020,,,,216.17,,,,,
11/25/2020,,,,215.65,,,,,
11/27/2020,,,,216.99,,,,,
11/30/2020,,,,215.31,,,,,
12/1/2020,,,,219.53,,,,,
12/2/2020,,,,221.75,,,,,
12/3/2020,,,,220.87,,,,,
12/4/2020,,,,220.99,,,,,
12/7/2020,,,,222.35,,,,,
12/8/2020,,,,222.09,,,,,
12/9/2020,,,,219.42,,,,,
12/10/2020,,,,218.71,,,,,
12/11/2020,,,,221.22,,,,,
12/14/2020,,,,220,,,,,
12/15/2020,,,,221.55,,,,,
12/16/2020,,,,221.16,,,,,
12/17/2020,,,,220.47,,,,,
12/18/2020,,,,220.2,,,,,
12/21/2020,,,,218.61,,,,,
12/22/2020,,,,216.44,,,,,
12/23/2020,,,,217.36,,,,,
12/24/2020,,,,217.7,,,,,
12/28/2020,,,,221.75,,,,,
12/29/2020,,,,221.42,,,,,
12/30/2020,,,,219.79,,,,,
12/31/2020,,,,221.92,,,,,
1/4/2021,,,,218.58,,,,,
1/5/2021,,,,219.17,,,,,
1/6/2021,,,,217.72,,,,,
1/7/2021,,,,220.77,,,,,
1/8/2021,,,,221.32,,,,,
1/11/2021,,,,217.41,,,,,
1/12/2021,,,,214.15,,,,,
1/13/2021,,,,214.91,,,,,
1/14/2021,,,,213.12,,,,,
1/15/2021,,,,213.44,,,,,
1/19/2021,,,,217.44,,,,,
1/20/2021,,,,225.3,,,,,
1/21/2021,,,,225.88,,,,,
1/22/2021,,,,226.14,,,,,
1/25/2021,,,,226.98,,,,,
1/26/2021,,,,228.77,,,,,
1/27/2021,,,,220.03,,,,,
1/28/2021,,,,222.78,,,,,
1/29/2021,,,,218.57,,,,,
2/1/2021,,,,222.62,,,,,
2/2/2021,,,,226.18,,,,,
2/3/2021,,,,230.85,,,,,
2/4/2021,,,,232.22,,,,,
2/5/2021,,,,234.43,,,,,
2/8/2021,,,,235.33,,,,,
2/9/2021,,,,235.82,,,,,
2/10/2021,,,,237.3,,,,,
2/11/2021,,,,237.39,,,,,
2/12/2021,,,,237.55,,,,,
2/16/2021,,,,238.55,,,,,
2/17/2021,,,,239.7,,,,,
2/18/2021,,,,237.89,,,,,
2/19/2021,,,,235.35,,,,,
2/22/2021,,,,234.59,,,,,
2/23/2021,,,,237.06,,,,,
2/24/2021,,,,238.11,,,,,
2/25/2021,,,,232.01,,,,,
2/26/2021,,,,232.08,,,,,
3/1/2021,,,,237.54,,,,,
3/2/2021,,,,235.89,,,,,
3/3/2021,,,,232.14,,,,,
3/4/2021,,,,232.22,,,,,
3/5/2021,,,,237.73,,,,,
3/8/2021,,,,234.25,,,,,
3/9/2021,,,,236.41,,,,,
3/10/2021,,,,237.4,,,,,
3/11/2021,,,,241.59,,,,,
3/12/2021,,,,239.41,,,,,
3/15/2021,,,,240.79,,,,,
3/16/2021,,,,243.04,,,,,
3/17/2021,,,,243.57,,,,,
3/18/2021,,,,238.8,,,,,
3/19/2021,,,,240.71,,,,,
3/22/2021,,,,242.55,,,,,
3/23/2021,,,,241.8,,,,,
3/24/2021,,,,237.79,,,,,
3/25/2021,,,,237,,,,,
3/26/2021,,,,236.19,,,,,
3/29/2021,,,,238.61,,,,,
3/30/2021,,,,238.32,,,,,
3/31/2021,,,,239.28,,,,,
4/1/2021,,,,244.2,,,,,
4/5/2021,,,,249.75,,,,,
4/6/2021,,,,249.92,,,,,
4/7/2021,,,,251.73,,,,,
4/8/2021,,,,251.53,,,,,
4/9/2021,,,,251.95,,,,,
4/12/2021,,,,250.43,,,,,
4/13/2021,,,,250.65,,,,,
4/14/2021,,,,248.49,,,,,
4/15/2021,,,,251.65,,,,,
4/16/2021,,,,251.93,,,,,
,,,,,,,,,
,,,,,,,,,
,,,,,,,,,
,,,,,,,,,
,,,,,,,,,
,,,,,,,,,
,,,,,,,,,
,,,,,,,,,
,,,,,,,,,
,,,,,,,,,
,,,,,,,,,
,,,,,,,,,
,,,,,,,,,
,,,,,,,,,
,,,,,,,,,
,,,,,,,,,
,,,,,,,,,
,,,,,,,,,
,,,,,,,,,
,,,,,,,,,
,,,,,,,,,
,,,,,,,,,
,,,,,,,,,
,,,,,,,,,
,,,,,,,,,
,,,,,,,,,
,,,,,,,,,
,,,,,,,,,
,,,,,,,,,
,,,,,,,,,
,,,,,,,,,
,,,,,,,,,
,,,,,,,,,
,,,,,,,,,
,,,,,,,,,
,,,,,,,,,
,,,,,,,,,
,,,,,,,,,
,,,,,,,,,
,,,,,,,,,
,,,,,,,,,
,,,,,,,,,
,,,,,,,,,
,,,,,,,,,
,,,,,,,,,
,,,,,,,,,
,,,,,,,,,
,,,,,,,,,
,,,,,,,,,
,,,,,,,,,
,,,,,,,,,
,,,,,,,,,
,,,,,,,,,
,,,,,,,,,
,,,,,,,,,
,,,,,,,,,
,,,,,,,,,
,,,,,,,,,
,,,,,,,,,
,,,,,,,,,
,,,,,,,,,
,,,,,,,,,
,,,,,,,,,
,,,,,,,,,
,,,,,,,,,
,,,,,,,,,
,,,,,,,,,
,,,,,,,,,
,,,,,,,,,
,,,,,,,,,
,,,,,,,,,
,,,,,,,,,
,,,,,,,,,
,,,,,,,,,
,,,,,,,,,
,,,,,,,,,
,,,,,,,,,
,,,,,,,,,
,,,,,,,,,
,,,,,,,,,
